client_id,name,total_sales,average,difference
1,Vinte,802.89,152.388235,650.501765
2,Myworks,101.79,152.388235,-50.598235
3,Yadel,705.90,152.388235,553.511765
4,Kwideo,NULL,152.388235,NULL
5,Topiclounge,980.02,152.388235,827.631765
